# Copyright (C) 1991-2010 Altera Corporation
# Your use of Altera Corporation's design tools, logic functions 
# and other software and tools, and its AMPP partner logic 
# functions, and any output files from any of the foregoing 
# (including device programming or simulation files), and any 
# associated documentation or information are expressly subject 
# to the terms and conditions of the Altera Program License 
# Subscription Agreement, Altera MegaCore Function License 
# Agreement, or other applicable license agreement, including, 
# without limitation, that your use is for the sole purpose of 
# programming logic devices manufactured by Altera and sold by 
# Altera or its authorized distributors.  Please refer to the 
# applicable agreement for further details.

# Quartus II Version 9.1 Build 350 03/24/2010 Service Pack 2 SJ Web Edition
# File: C:\Users\Familia\Downloads\ProjetoULA-20220822T224013Z-001\ProjetoULA\IgualCompleto.csv
# Generated on: Tue Aug 23 22:34:35 2022

# Note: The column header names should not be changed if you wish to import this .csv file into the Quartus II software.

To,Direction,Location,I/O Bank,VREF Group,I/O Standard,Reserved
5bits[4],Output,PIN_H21,7,B7_N2,,
5bits[3],Output,PIN_E24,7,B7_N1,,
5bits[2],Output,PIN_E25,7,B7_N1,,
5bits[1],Output,PIN_E22,7,B7_N0,,
5bits[0],Output,PIN_E21,7,B7_N0,,
comparador,Output,PIN_F17,7,B7_N2,,
dir[6],Output,PIN_H22,6,B6_N0,,
dir[5],Output,PIN_J22,6,B6_N0,,
dir[4],Output,PIN_L25,6,B6_N1,,
dir[3],Output,PIN_L26,6,B6_N1,,
dir[2],Output,PIN_E17,7,B7_N2,,
dir[1],Output,PIN_F22,7,B7_N0,,
dir[0],Output,PIN_G18,7,B7_N2,,
dirEntrada[6],Output,PIN_AC17,4,B4_N2,,
dirEntrada[5],Output,PIN_AA15,4,B4_N2,,
dirEntrada[4],Output,PIN_AB15,4,B4_N2,,
dirEntrada[3],Output,PIN_AB17,4,B4_N1,,
dirEntrada[2],Output,PIN_AA16,4,B4_N2,,
dirEntrada[1],Output,PIN_AB16,4,B4_N2,,
dirEntrada[0],Output,PIN_AA17,4,B4_N1,,
dirEntradaB[6],Output,PIN_AE18,4,B4_N2,,
dirEntradaB[5],Output,PIN_AF19,4,B4_N1,,
dirEntradaB[4],Output,PIN_AE19,4,B4_N1,,
dirEntradaB[3],Output,PIN_AH21,4,B4_N2,,
dirEntradaB[2],Output,PIN_AG21,4,B4_N2,,
dirEntradaB[1],Output,PIN_AA19,4,B4_N0,,
dirEntradaB[0],Output,PIN_AB19,4,B4_N0,,
esq[6],Output,PIN_U24,5,B5_N0,,
esq[5],Output,PIN_U23,5,B5_N1,,
esq[4],Output,PIN_W25,5,B5_N1,,
esq[3],Output,PIN_W22,5,B5_N0,,
esq[2],Output,PIN_W21,5,B5_N1,,
esq[1],Output,PIN_Y22,5,B5_N0,,
esq[0],Output,PIN_M24,6,B6_N2,,
esqEntrada[6],Output,PIN_AA14,3,B3_N0,,
esqEntrada[5],Output,PIN_AG18,4,B4_N2,,
esqEntrada[4],Output,PIN_AF17,4,B4_N2,,
esqEntrada[3],Output,PIN_AH17,4,B4_N2,,
esqEntrada[2],Output,PIN_AG17,4,B4_N2,,
esqEntrada[1],Output,PIN_AE17,4,B4_N2,,
esqEntrada[0],Output,PIN_AD17,4,B4_N2,,
esqEntradaB[6],Output,PIN_AH18,4,B4_N2,,
esqEntradaB[5],Output,PIN_AF18,4,B4_N1,,
esqEntradaB[4],Output,PIN_AG19,4,B4_N2,,
esqEntradaB[3],Output,PIN_AH19,4,B4_N2,,
esqEntradaB[2],Output,PIN_AB18,4,B4_N0,,
esqEntradaB[1],Output,PIN_AC18,4,B4_N1,,
esqEntradaB[0],Output,PIN_AD18,4,B4_N1,,
numeroA[4],Input,PIN_AB25,5,B5_N1,,
numeroA[3],Input,PIN_AC25,5,B5_N2,,
numeroA[2],Input,PIN_AB26,5,B5_N1,,
numeroA[1],Input,PIN_AD26,5,B5_N2,,
numeroA[0],Input,PIN_AC26,5,B5_N2,,
numeroB[4],Input,PIN_AB27,5,B5_N1,,
numeroB[3],Input,PIN_AD27,5,B5_N2,,
numeroB[2],Input,PIN_AC27,5,B5_N2,,
numeroB[1],Input,PIN_AC28,5,B5_N2,,
numeroB[0],Input,PIN_AB28,5,B5_N1,,
selet[2],Input,PIN_Y23,5,B5_N2,,
selet[1],Input,PIN_Y24,5,B5_N2,,
selet[0],Input,PIN_AA22,5,B5_N2,,
,Unknown,PIN_J9,,,,
,Unknown,PIN_H9,,,,
,Unknown,PIN_J8,,,,
,Unknown,PIN_C2,1,B1_N0,,
,Unknown,PIN_D2,1,B1_N0,,
,Unknown,PIN_D1,,,,
,Unknown,PIN_H7,1,B1_N0,,
,Unknown,PIN_G6,1,B1_N0,,
,Unknown,PIN_G5,1,B1_N0,,
,Unknown,PIN_E3,1,B1_N0,,
,Unknown,PIN_F3,1,B1_N0,,
,Unknown,PIN_F5,,,,
,Unknown,PIN_F4,1,B1_N0,,
,Unknown,PIN_H6,1,B1_N0,,
,Unknown,PIN_G4,1,B1_N0,,
,Unknown,PIN_G3,1,B1_N0,,
,Unknown,PIN_H4,1,B1_N0,,
,Unknown,PIN_H3,1,B1_N0,,
,Unknown,PIN_E2,1,B1_N0,,
,Unknown,PIN_E1,1,B1_N0,,
,Unknown,PIN_F2,1,B1_N1,,
,Unknown,PIN_F1,,,,
,Unknown,PIN_H5,1,B1_N1,,
,Unknown,PIN_L5,1,B1_N1,,
,Unknown,PIN_J4,,,,
,Unknown,PIN_J3,1,B1_N1,,
,Unknown,PIN_M6,1,B1_N1,,
,Unknown,PIN_G2,1,B1_N1,,
,Unknown,PIN_G1,1,B1_N1,,
,Unknown,PIN_K2,1,B1_N1,,
,Unknown,PIN_K1,1,B1_N1,,
,Unknown,PIN_K4,1,B1_N1,,
,Unknown,PIN_K3,1,B1_N1,,
,Unknown,PIN_L4,1,B1_N1,,
,Unknown,PIN_L3,1,B1_N1,,
,Unknown,PIN_M4,1,B1_N1,,
,Unknown,PIN_M3,1,B1_N1,,
,Unknown,PIN_J6,1,B1_N1,,
,Unknown,PIN_J5,1,B1_N1,,
,Unknown,PIN_J7,1,B1_N1,,
,Unknown,PIN_K7,1,B1_N1,,
,Unknown,PIN_K8,1,B1_N2,,
,Unknown,PIN_L8,1,B1_N2,,
,Unknown,PIN_M5,1,B1_N2,,
,Unknown,PIN_L7,1,B1_N2,,
,Unknown,PIN_L6,1,B1_N2,,
,Unknown,PIN_N4,1,B1_N2,,
,Unknown,PIN_N3,1,B1_N2,,
,Unknown,PIN_M8,1,B1_N2,,
,Unknown,PIN_M7,1,B1_N2,,
,Unknown,PIN_L2,1,B1_N2,,
,Unknown,PIN_L1,1,B1_N2,,
,Unknown,PIN_M2,1,B1_N2,,
,Unknown,PIN_M1,1,B1_N2,,
,Unknown,PIN_P2,1,B1_N2,,
,Unknown,PIN_P1,1,B1_N2,,
,Unknown,PIN_N8,1,B1_N2,,
,Unknown,PIN_P3,1,B1_N2,,
,Unknown,PIN_N7,1,B1_N2,,
,Unknown,PIN_P4,1,B1_N2,,
,Unknown,PIN_P7,1,B1_N2,,
,Unknown,PIN_P5,1,B1_N2,,
,Unknown,PIN_P8,1,B1_N2,,
,Unknown,PIN_P6,1,B1_N2,,
,Unknown,PIN_R8,1,B1_N2,,
,Unknown,PIN_J1,1,B1_N2,,
,Unknown,PIN_Y2,2,B2_N0,,
,Unknown,PIN_Y1,2,B2_N0,,
,Unknown,PIN_R2,2,B2_N0,,
,Unknown,PIN_R1,2,B2_N0,,
,Unknown,PIN_R7,2,B2_N0,,
,Unknown,PIN_R6,2,B2_N0,,
,Unknown,PIN_U3,2,B2_N0,,
,Unknown,PIN_U4,2,B2_N0,,
,Unknown,PIN_R3,2,B2_N0,,
,Unknown,PIN_R4,2,B2_N0,,
,Unknown,PIN_T4,2,B2_N0,,
,Unknown,PIN_T3,2,B2_N0,,
,Unknown,PIN_R5,2,B2_N0,,
,Unknown,PIN_T7,2,B2_N0,,
,Unknown,PIN_U2,2,B2_N0,,
,Unknown,PIN_U1,2,B2_N0,,
,Unknown,PIN_V4,2,B2_N0,,
,Unknown,PIN_V3,2,B2_N0,,
,Unknown,PIN_V2,2,B2_N0,,
,Unknown,PIN_V1,2,B2_N0,,
,Unknown,PIN_AB2,2,B2_N0,,
,Unknown,PIN_AB1,2,B2_N0,,
,Unknown,PIN_W2,2,B2_N0,,
,Unknown,PIN_W1,2,B2_N1,,
,Unknown,PIN_U6,2,B2_N1,,
,Unknown,PIN_U5,2,B2_N1,,
,Unknown,PIN_Y4,2,B2_N1,,
,Unknown,PIN_Y3,2,B2_N1,,
,Unknown,PIN_AC2,2,B2_N1,,
,Unknown,PIN_AC1,2,B2_N1,,
,Unknown,PIN_AC3,2,B2_N1,,
,Unknown,PIN_AD3,2,B2_N1,,
,Unknown,PIN_AD2,2,B2_N1,,
,Unknown,PIN_AD1,2,B2_N1,,
,Unknown,PIN_AB3,2,B2_N1,,
,Unknown,PIN_T8,2,B2_N1,,
,Unknown,PIN_AA4,2,B2_N1,,
,Unknown,PIN_AA3,2,B2_N1,,
,Unknown,PIN_U7,2,B2_N1,,
,Unknown,PIN_U8,2,B2_N1,,
,Unknown,PIN_AE2,2,B2_N1,,
,Unknown,PIN_AE1,2,B2_N1,,
,Unknown,PIN_V6,2,B2_N1,,
,Unknown,PIN_V5,2,B2_N1,,
,Unknown,PIN_V8,,,,
,Unknown,PIN_V7,2,B2_N1,,
,Unknown,PIN_W4,2,B2_N2,,
,Unknown,PIN_W3,2,B2_N2,,
,Unknown,PIN_Y6,2,B2_N2,,
,Unknown,PIN_Y5,2,B2_N2,,
,Unknown,PIN_W7,2,B2_N2,,
,Unknown,PIN_W8,2,B2_N2,,
,Unknown,PIN_Y7,2,B2_N2,,
,Unknown,PIN_AA6,2,B2_N2,,
,Unknown,PIN_AA5,2,B2_N2,,
,Unknown,PIN_AA7,2,B2_N2,,
,Unknown,PIN_AB4,2,B2_N2,,
,Unknown,PIN_AE3,2,B2_N2,,
,Unknown,PIN_AF2,2,B2_N2,,
,Unknown,PIN_AC5,2,B2_N2,,
,Unknown,PIN_AC4,2,B2_N2,,
,Unknown,PIN_AB6,2,B2_N2,,
,Unknown,PIN_AB5,2,B2_N2,,
,Unknown,PIN_Y8,,,,
,Unknown,PIN_AA9,,,,
,Unknown,PIN_Y9,,,,
,Unknown,PIN_AD5,3,B3_N2,,
,Unknown,PIN_AE6,3,B3_N2,,
,Unknown,PIN_AD4,3,B3_N2,,
,Unknown,PIN_AF4,3,B3_N2,,
,Unknown,PIN_AE4,3,B3_N2,,
,Unknown,PIN_AG3,3,B3_N2,,
,Unknown,PIN_AD7,3,B3_N2,,
,Unknown,PIN_AE5,3,B3_N2,,
,Unknown,PIN_AF5,3,B3_N2,,
,Unknown,PIN_AH3,3,B3_N2,,
,Unknown,PIN_AF3,3,B3_N2,,
,Unknown,PIN_AF6,3,B3_N2,,
,Unknown,PIN_Y10,3,B3_N2,,
,Unknown,PIN_AG4,3,B3_N2,,
,Unknown,PIN_AH4,3,B3_N2,,
,Unknown,PIN_AD8,3,B3_N2,,
,Unknown,PIN_AC7,3,B3_N2,,
,Unknown,PIN_AG6,3,B3_N2,,
,Unknown,PIN_AH6,3,B3_N2,,
,Unknown,PIN_AB9,3,B3_N2,,
,Unknown,PIN_AB8,3,B3_N2,,
,Unknown,PIN_AD10,3,B3_N2,,
,Unknown,PIN_AG7,3,B3_N2,,
,Unknown,PIN_AH7,3,B3_N1,,
,Unknown,PIN_AB7,3,B3_N1,,
,Unknown,PIN_AC8,3,B3_N1,,
,Unknown,PIN_AA8,3,B3_N1,,
,Unknown,PIN_AA10,3,B3_N1,,
,Unknown,PIN_AG8,3,B3_N1,,
,Unknown,PIN_AH8,3,B3_N1,,
,Unknown,PIN_AE7,3,B3_N1,,
,Unknown,PIN_AF7,3,B3_N1,,
,Unknown,PIN_AF9,3,B3_N1,,
,Unknown,PIN_AE8,3,B3_N1,,
,Unknown,PIN_AF8,3,B3_N1,,
,Unknown,PIN_AE9,3,B3_N1,,
,Unknown,PIN_AB11,3,B3_N1,,
,Unknown,PIN_AE10,3,B3_N1,,
,Unknown,PIN_AF10,3,B3_N1,,
,Unknown,PIN_AG10,3,B3_N1,,
,Unknown,PIN_AH10,3,B3_N1,,
,Unknown,PIN_AE12,3,B3_N1,,
,Unknown,PIN_AF12,3,B3_N1,,
,Unknown,PIN_AE11,3,B3_N1,,
,Unknown,PIN_AF11,3,B3_N1,,
,Unknown,PIN_AB10,3,B3_N1,,
,Unknown,PIN_AC10,3,B3_N0,,
,Unknown,PIN_AG11,3,B3_N0,,
,Unknown,PIN_AH11,3,B3_N0,,
,Unknown,PIN_AE13,3,B3_N0,,
,Unknown,PIN_AF13,3,B3_N0,,
,Unknown,PIN_AC12,3,B3_N0,,
,Unknown,PIN_AB12,3,B3_N0,,
,Unknown,PIN_AB13,3,B3_N0,,
,Unknown,PIN_AD12,3,B3_N0,,
,Unknown,PIN_AE14,3,B3_N0,,
,Unknown,PIN_AF14,3,B3_N0,,
,Unknown,PIN_AC11,3,B3_N0,,
,Unknown,PIN_AD11,3,B3_N0,,
,Unknown,PIN_Y12,3,B3_N0,,
,Unknown,PIN_AA12,3,B3_N0,,
,Unknown,PIN_Y13,3,B3_N0,,
,Unknown,PIN_AA13,3,B3_N0,,
,Unknown,PIN_AB14,3,B3_N0,,
,Unknown,PIN_AG12,3,B3_N0,,
,Unknown,PIN_AH12,3,B3_N0,,
,Unknown,PIN_AC14,3,B3_N0,,
,Unknown,PIN_AD14,3,B3_N0,,
,Unknown,PIN_Y14,3,B3_N0,,
,Unknown,PIN_Y15,3,B3_N0,,
,Unknown,PIN_AG14,3,B3_N0,,
,Unknown,PIN_AH14,3,B3_N0,,
,Unknown,PIN_AG15,4,B4_N2,,
,Unknown,PIN_AH15,4,B4_N2,,
,Unknown,PIN_AC15,4,B4_N2,,
,Unknown,PIN_AD15,4,B4_N2,,
,Unknown,PIN_AE15,4,B4_N2,,
,Unknown,PIN_AF15,4,B4_N2,,
,Unknown,PIN_AE16,4,B4_N2,,
,Unknown,PIN_AF16,4,B4_N2,,
,Unknown,PIN_AG22,4,B4_N1,,
,Unknown,PIN_AH22,4,B4_N1,,
,Unknown,PIN_AG23,4,B4_N1,,
,Unknown,PIN_AH23,4,B4_N1,,
,Unknown,PIN_AF24,4,B4_N1,,
,Unknown,PIN_AF25,4,B4_N1,,
,Unknown,PIN_AE20,4,B4_N1,,
,Unknown,PIN_AF20,4,B4_N1,,
,Unknown,PIN_AE21,4,B4_N1,,
,Unknown,PIN_AF21,4,B4_N1,,
,Unknown,PIN_AE25,4,B4_N1,,
,Unknown,PIN_AF26,4,B4_N1,,
,Unknown,PIN_AG25,4,B4_N1,,
,Unknown,PIN_AH25,4,B4_N1,,
,Unknown,PIN_AC19,4,B4_N0,,
,Unknown,PIN_AD19,4,B4_N0,,
,Unknown,PIN_Y17,4,B4_N0,,
,Unknown,PIN_Y16,4,B4_N0,,
,Unknown,PIN_AE22,4,B4_N0,,
,Unknown,PIN_AF22,4,B4_N0,,
,Unknown,PIN_AD25,4,B4_N0,,
,Unknown,PIN_AE24,4,B4_N0,,
,Unknown,PIN_AB20,4,B4_N0,,
,Unknown,PIN_AC21,4,B4_N0,,
,Unknown,PIN_AD21,4,B4_N0,,
,Unknown,PIN_AD24,4,B4_N0,,
,Unknown,PIN_AE23,4,B4_N0,,
,Unknown,PIN_AF23,4,B4_N0,,
,Unknown,PIN_Y19,4,B4_N0,,
,Unknown,PIN_AB22,4,B4_N0,,
,Unknown,PIN_AB21,4,B4_N0,,
,Unknown,PIN_AC22,4,B4_N0,,
,Unknown,PIN_AD22,4,B4_N0,,
,Unknown,PIN_AA21,4,B4_N0,,
,Unknown,PIN_AG26,4,B4_N0,,
,Unknown,PIN_AH26,4,B4_N0,,
,Unknown,PIN_Y20,,,,
,Unknown,PIN_AA20,,,,
,Unknown,PIN_Y21,,,,
,Unknown,PIN_AC24,5,B5_N2,,
,Unknown,PIN_AB24,5,B5_N2,,
,Unknown,PIN_AB23,5,B5_N2,,
,Unknown,PIN_AF27,5,B5_N2,,
,Unknown,PIN_AE26,5,B5_N2,,
,Unknown,PIN_AA24,5,B5_N2,,
,Unknown,PIN_AA23,5,B5_N2,,
,Unknown,PIN_AE28,5,B5_N2,,
,Unknown,PIN_AE27,5,B5_N2,,
,Unknown,PIN_AD28,5,B5_N2,,
,Unknown,PIN_AA26,5,B5_N1,,
,Unknown,PIN_AA25,5,B5_N1,,
,Unknown,PIN_Y26,5,B5_N1,,
,Unknown,PIN_Y25,5,B5_N1,,
,Unknown,PIN_W26,5,B5_N1,,
,Unknown,PIN_W27,5,B5_N1,,
,Unknown,PIN_W28,5,B5_N1,,
,Unknown,PIN_V28,5,B5_N1,,
,Unknown,PIN_V27,5,B5_N1,,
,Unknown,PIN_V26,5,B5_N1,,
,Unknown,PIN_V25,5,B5_N1,,
,Unknown,PIN_V24,5,B5_N1,,
,Unknown,PIN_V23,5,B5_N1,,
,Unknown,PIN_V21,5,B5_N1,,
,Unknown,PIN_V22,5,B5_N1,,
,Unknown,PIN_U22,5,B5_N0,,
,Unknown,PIN_U26,5,B5_N0,,
,Unknown,PIN_U25,5,B5_N0,,
,Unknown,PIN_U28,5,B5_N0,,
,Unknown,PIN_U27,5,B5_N0,,
,Unknown,PIN_U21,5,B5_N0,,
,Unknown,PIN_T26,5,B5_N0,,
,Unknown,PIN_T25,5,B5_N0,,
,Unknown,PIN_T22,5,B5_N0,,
,Unknown,PIN_T21,5,B5_N0,,
,Unknown,PIN_R26,5,B5_N0,,
,Unknown,PIN_R25,5,B5_N0,,
,Unknown,PIN_R28,5,B5_N0,,
,Unknown,PIN_R27,5,B5_N0,,
,Unknown,PIN_R24,5,B5_N0,,
,Unknown,PIN_R23,5,B5_N0,,
,Unknown,PIN_R22,5,B5_N0,,
,Unknown,PIN_R21,5,B5_N0,,
,Unknown,PIN_P21,5,B5_N0,,
,Unknown,PIN_Y28,5,B5_N0,,
,Unknown,PIN_Y27,5,B5_N0,,
,Unknown,PIN_J28,6,B6_N2,,
,Unknown,PIN_J27,6,B6_N2,,
,Unknown,PIN_P24,6,B6_N2,,
,Unknown,PIN_N22,6,B6_N2,,
,Unknown,PIN_P23,6,B6_N2,,
,Unknown,PIN_M22,6,B6_N2,,
,Unknown,PIN_P22,6,B6_N2,,
,Unknown,PIN_M23,6,B6_N2,,
,Unknown,PIN_P26,6,B6_N2,,
,Unknown,PIN_P25,6,B6_N2,,
,Unknown,PIN_N21,6,B6_N2,,
,Unknown,PIN_P28,6,B6_N2,,
,Unknown,PIN_P27,6,B6_N2,,
,Unknown,PIN_N26,6,B6_N2,,
,Unknown,PIN_N25,6,B6_N2,,
,Unknown,PIN_M28,6,B6_N2,,
,Unknown,PIN_M27,6,B6_N2,,
,Unknown,PIN_M26,6,B6_N2,,
,Unknown,PIN_M25,6,B6_N2,,
,Unknown,PIN_L28,6,B6_N2,,
,Unknown,PIN_L27,6,B6_N2,,
,Unknown,PIN_L24,6,B6_N2,,
,Unknown,PIN_L23,6,B6_N1,,
,Unknown,PIN_K28,6,B6_N1,,
,Unknown,PIN_K27,6,B6_N1,,
,Unknown,PIN_J26,6,B6_N1,,
,Unknown,PIN_J25,6,B6_N1,,
,Unknown,PIN_G28,6,B6_N1,,
,Unknown,PIN_G27,6,B6_N1,,
,Unknown,PIN_M21,6,B6_N1,,
,Unknown,PIN_K26,6,B6_N1,,
,Unknown,PIN_K25,6,B6_N1,,
,Unknown,PIN_F28,6,B6_N1,,
,Unknown,PIN_F27,6,B6_N1,,
,Unknown,PIN_E28,6,B6_N1,,
,Unknown,PIN_E27,6,B6_N1,,
,Unknown,PIN_H26,6,B6_N1,,
,Unknown,PIN_H25,6,B6_N1,,
,Unknown,PIN_E26,6,B6_N1,,
,Unknown,PIN_F26,6,B6_N1,,
,Unknown,PIN_D28,6,B6_N0,,
,Unknown,PIN_D27,6,B6_N0,,
,Unknown,PIN_C27,6,B6_N0,,
,Unknown,PIN_D26,6,B6_N0,,
,Unknown,PIN_L22,6,B6_N0,,
,Unknown,PIN_L21,6,B6_N0,,
,Unknown,PIN_J24,6,B6_N0,,
,Unknown,PIN_J23,6,B6_N0,,
,Unknown,PIN_K22,6,B6_N0,,
,Unknown,PIN_K21,6,B6_N0,,
,Unknown,PIN_H24,6,B6_N0,,
,Unknown,PIN_H23,6,B6_N0,,
,Unknown,PIN_G26,6,B6_N0,,
,Unknown,PIN_G25,6,B6_N0,,
,Unknown,PIN_F25,6,B6_N0,,
,Unknown,PIN_F24,6,B6_N0,,
,Unknown,PIN_G24,6,B6_N0,,
,Unknown,PIN_G23,6,B6_N0,,
,Unknown,PIN_J21,,,,
,Unknown,PIN_H20,,,,
,Unknown,PIN_J20,,,,
,Unknown,PIN_C26,7,B7_N0,,
,Unknown,PIN_B26,7,B7_N0,,
,Unknown,PIN_D22,7,B7_N0,,
,Unknown,PIN_A26,7,B7_N0,,
,Unknown,PIN_A25,7,B7_N0,,
,Unknown,PIN_B25,7,B7_N0,,
,Unknown,PIN_F21,7,B7_N0,,
,Unknown,PIN_D25,7,B7_N0,,
,Unknown,PIN_C25,7,B7_N0,,
,Unknown,PIN_A23,7,B7_N0,,
,Unknown,PIN_B23,7,B7_N0,,
,Unknown,PIN_D23,7,B7_N0,,
,Unknown,PIN_C23,7,B7_N0,,
,Unknown,PIN_C24,7,B7_N0,,
,Unknown,PIN_D24,7,B7_N0,,
,Unknown,PIN_C22,7,B7_N0,,
,Unknown,PIN_D21,7,B7_N0,,
,Unknown,PIN_F19,7,B7_N0,,
,Unknown,PIN_E19,7,B7_N0,,
,Unknown,PIN_C21,7,B7_N0,,
,Unknown,PIN_A22,7,B7_N1,,
,Unknown,PIN_B22,7,B7_N1,,
,Unknown,PIN_A21,7,B7_N1,,
,Unknown,PIN_B21,7,B7_N1,,
,Unknown,PIN_E18,7,B7_N1,,
,Unknown,PIN_F18,7,B7_N1,,
,Unknown,PIN_C18,7,B7_N1,,
,Unknown,PIN_D18,7,B7_N1,,
,Unknown,PIN_C20,7,B7_N1,,
,Unknown,PIN_D20,7,B7_N1,,
,Unknown,PIN_C19,7,B7_N1,,
,Unknown,PIN_D19,7,B7_N1,,
,Unknown,PIN_G17,7,B7_N1,,
,Unknown,PIN_C17,7,B7_N1,,
,Unknown,PIN_D17,7,B7_N1,,
,Unknown,PIN_A19,7,B7_N1,,
,Unknown,PIN_B19,7,B7_N1,,
,Unknown,PIN_A18,7,B7_N1,,
,Unknown,PIN_B18,7,B7_N1,,
,Unknown,PIN_G20,7,B7_N1,,
,Unknown,PIN_G21,7,B7_N1,,
,Unknown,PIN_H19,7,B7_N2,,
,Unknown,PIN_J19,7,B7_N2,,
,Unknown,PIN_G22,7,B7_N2,,
,Unknown,PIN_J17,7,B7_N2,,
,Unknown,PIN_G19,7,B7_N2,,
,Unknown,PIN_G16,7,B7_N2,,
,Unknown,PIN_H17,7,B7_N2,,
,Unknown,PIN_G15,7,B7_N2,,
,Unknown,PIN_J16,7,B7_N2,,
,Unknown,PIN_H16,7,B7_N2,,
,Unknown,PIN_C16,7,B7_N2,,
,Unknown,PIN_D16,7,B7_N2,,
,Unknown,PIN_A17,7,B7_N2,,
,Unknown,PIN_B17,7,B7_N2,,
,Unknown,PIN_H15,7,B7_N2,,
,Unknown,PIN_J15,7,B7_N2,,
,Unknown,PIN_F15,7,B7_N2,,
,Unknown,PIN_E15,7,B7_N2,,
,Unknown,PIN_C15,7,B7_N2,,
,Unknown,PIN_D15,7,B7_N2,,
,Unknown,PIN_A15,7,B7_N2,,
,Unknown,PIN_B15,7,B7_N2,,
,Unknown,PIN_A14,8,B8_N0,,
,Unknown,PIN_B14,8,B8_N0,,
,Unknown,PIN_C13,8,B8_N0,,
,Unknown,PIN_D13,8,B8_N0,,
,Unknown,PIN_C14,8,B8_N0,,
,Unknown,PIN_D14,8,B8_N0,,
,Unknown,PIN_C12,8,B8_N0,,
,Unknown,PIN_D12,8,B8_N0,,
,Unknown,PIN_H14,8,B8_N0,,
,Unknown,PIN_J14,8,B8_N0,,
,Unknown,PIN_A12,8,B8_N0,,
,Unknown,PIN_G14,8,B8_N0,,
,Unknown,PIN_F14,8,B8_N0,,
,Unknown,PIN_E14,8,B8_N0,,
,Unknown,PIN_A11,8,B8_N0,,
,Unknown,PIN_B11,8,B8_N0,,
,Unknown,PIN_J13,8,B8_N0,,
,Unknown,PIN_J12,8,B8_N0,,
,Unknown,PIN_A10,8,B8_N0,,
,Unknown,PIN_B10,8,B8_N0,,
,Unknown,PIN_G13,8,B8_N0,,
,Unknown,PIN_H13,8,B8_N0,,
,Unknown,PIN_C10,8,B8_N0,,
,Unknown,PIN_D10,8,B8_N1,,
,Unknown,PIN_E12,8,B8_N1,,
,Unknown,PIN_F12,8,B8_N1,,
,Unknown,PIN_E11,8,B8_N1,,
,Unknown,PIN_F11,8,B8_N1,,
,Unknown,PIN_A7,8,B8_N1,,
,Unknown,PIN_B7,8,B8_N1,,
,Unknown,PIN_G12,8,B8_N1,,
,Unknown,PIN_A6,8,B8_N1,,
,Unknown,PIN_B6,8,B8_N1,,
,Unknown,PIN_G11,8,B8_N1,,
,Unknown,PIN_H12,8,B8_N1,,
,Unknown,PIN_C11,8,B8_N1,,
,Unknown,PIN_D11,8,B8_N1,,
,Unknown,PIN_C9,8,B8_N1,,
,Unknown,PIN_D9,8,B8_N1,,
,Unknown,PIN_F10,8,B8_N1,,
,Unknown,PIN_G10,8,B8_N1,,
,Unknown,PIN_H10,8,B8_N1,,
,Unknown,PIN_J10,8,B8_N1,,
,Unknown,PIN_E10,8,B8_N1,,
,Unknown,PIN_A8,8,B8_N1,,
,Unknown,PIN_B8,8,B8_N1,,
,Unknown,PIN_C8,8,B8_N1,,
,Unknown,PIN_D8,8,B8_N2,,
,Unknown,PIN_C7,8,B8_N2,,
,Unknown,PIN_D7,8,B8_N2,,
,Unknown,PIN_E7,8,B8_N2,,
,Unknown,PIN_D6,8,B8_N2,,
,Unknown,PIN_G9,8,B8_N2,,
,Unknown,PIN_E8,8,B8_N2,,
,Unknown,PIN_F8,8,B8_N2,,
,Unknown,PIN_G8,8,B8_N2,,
,Unknown,PIN_H8,8,B8_N2,,
,Unknown,PIN_G7,8,B8_N2,,
,Unknown,PIN_F7,8,B8_N2,,
,Unknown,PIN_A4,8,B8_N2,,
,Unknown,PIN_B4,8,B8_N2,,
,Unknown,PIN_B3,8,B8_N2,,
,Unknown,PIN_A3,8,B8_N2,,
,Unknown,PIN_C6,8,B8_N2,,
,Unknown,PIN_D5,8,B8_N2,,
,Unknown,PIN_C5,8,B8_N2,,
,Unknown,PIN_C4,8,B8_N2,,
,Unknown,PIN_D4,8,B8_N2,,
,Unknown,PIN_E4,8,B8_N2,,
,Unknown,PIN_E5,8,B8_N2,,
,Unknown,PIN_C3,8,B8_N2,,
,Unknown,PIN_K9,,,,
,Unknown,PIN_K11,,,,
,Unknown,PIN_K13,,,,
,Unknown,PIN_K15,,,,
,Unknown,PIN_K17,,,,
,Unknown,PIN_K19,,,,
,Unknown,PIN_L10,,,,
,Unknown,PIN_L12,,,,
,Unknown,PIN_L14,,,,
,Unknown,PIN_L16,,,,
,Unknown,PIN_L18,,,,
,Unknown,PIN_L20,,,,
,Unknown,PIN_M9,,,,
,Unknown,PIN_M11,,,,
,Unknown,PIN_M13,,,,
,Unknown,PIN_M15,,,,
,Unknown,PIN_M17,,,,
,Unknown,PIN_M19,,,,
,Unknown,PIN_N10,,,,
,Unknown,PIN_N12,,,,
,Unknown,PIN_N14,,,,
,Unknown,PIN_N16,,,,
,Unknown,PIN_N18,,,,
,Unknown,PIN_N20,,,,
,Unknown,PIN_P9,,,,
,Unknown,PIN_P11,,,,
,Unknown,PIN_P13,,,,
,Unknown,PIN_P15,,,,
,Unknown,PIN_P17,,,,
,Unknown,PIN_P19,,,,
,Unknown,PIN_R10,,,,
,Unknown,PIN_R12,,,,
,Unknown,PIN_R14,,,,
,Unknown,PIN_R16,,,,
,Unknown,PIN_R18,,,,
,Unknown,PIN_R20,,,,
,Unknown,PIN_T9,,,,
,Unknown,PIN_T11,,,,
,Unknown,PIN_T13,,,,
,Unknown,PIN_T15,,,,
,Unknown,PIN_T17,,,,
,Unknown,PIN_T19,,,,
,Unknown,PIN_U10,,,,
,Unknown,PIN_U12,,,,
,Unknown,PIN_U14,,,,
,Unknown,PIN_U16,,,,
,Unknown,PIN_U18,,,,
,Unknown,PIN_U20,,,,
,Unknown,PIN_V9,,,,
,Unknown,PIN_V11,,,,
,Unknown,PIN_V13,,,,
,Unknown,PIN_V15,,,,
,Unknown,PIN_V17,,,,
,Unknown,PIN_V19,,,,
,Unknown,PIN_W10,,,,
,Unknown,PIN_W12,,,,
,Unknown,PIN_W14,,,,
,Unknown,PIN_W16,,,,
,Unknown,PIN_W18,,,,
,Unknown,PIN_W20,,,,
,Unknown,PIN_B1,1,,,
,Unknown,PIN_H1,1,,,
,Unknown,PIN_K5,1,,,
,Unknown,PIN_N1,1,,,
,Unknown,PIN_N5,1,,,
,Unknown,PIN_AA1,2,,,
,Unknown,PIN_AG1,2,,,
,Unknown,PIN_T1,2,,,
,Unknown,PIN_T5,2,,,
,Unknown,PIN_W5,2,,,
,Unknown,PIN_AA11,3,,,
,Unknown,PIN_AD6,3,,,
,Unknown,PIN_AD9,3,,,
,Unknown,PIN_AD13,3,,,
,Unknown,PIN_AH2,3,,,
,Unknown,PIN_AH5,3,,,
,Unknown,PIN_AH9,3,,,
,Unknown,PIN_AH13,3,,,
,Unknown,PIN_AA18,4,,,
,Unknown,PIN_AD16,4,,,
,Unknown,PIN_AD20,4,,,
,Unknown,PIN_AD23,4,,,
,Unknown,PIN_AH16,4,,,
,Unknown,PIN_AH20,4,,,
,Unknown,PIN_AH24,4,,,
,Unknown,PIN_AH27,4,,,
,Unknown,PIN_AA28,5,,,
,Unknown,PIN_AG28,5,,,
,Unknown,PIN_T24,5,,,
,Unknown,PIN_T28,5,,,
,Unknown,PIN_W24,5,,,
,Unknown,PIN_B28,6,,,
,Unknown,PIN_H28,6,,,
,Unknown,PIN_K24,6,,,
,Unknown,PIN_N24,6,,,
,Unknown,PIN_N28,6,,,
,Unknown,PIN_A16,7,,,
,Unknown,PIN_A20,7,,,
,Unknown,PIN_A24,7,,,
,Unknown,PIN_A27,7,,,
,Unknown,PIN_E16,7,,,
,Unknown,PIN_E20,7,,,
,Unknown,PIN_E23,7,,,
,Unknown,PIN_H18,7,,,
,Unknown,PIN_A2,8,,,
,Unknown,PIN_A5,8,,,
,Unknown,PIN_A9,8,,,
,Unknown,PIN_A13,8,,,
,Unknown,PIN_E6,8,,,
,Unknown,PIN_E9,8,,,
,Unknown,PIN_E13,8,,,
,Unknown,PIN_H11,8,,,
,Unknown,PIN_K10,,,,
,Unknown,PIN_K12,,,,
,Unknown,PIN_K14,,,,
,Unknown,PIN_K16,,,,
,Unknown,PIN_K18,,,,
,Unknown,PIN_K20,,,,
,Unknown,PIN_L9,,,,
,Unknown,PIN_L11,,,,
,Unknown,PIN_L13,,,,
,Unknown,PIN_L15,,,,
,Unknown,PIN_L17,,,,
,Unknown,PIN_L19,,,,
,Unknown,PIN_M10,,,,
,Unknown,PIN_M12,,,,
,Unknown,PIN_M14,,,,
,Unknown,PIN_M16,,,,
,Unknown,PIN_M18,,,,
,Unknown,PIN_M20,,,,
,Unknown,PIN_N9,,,,
,Unknown,PIN_N11,,,,
,Unknown,PIN_N13,,,,
,Unknown,PIN_N15,,,,
,Unknown,PIN_N17,,,,
,Unknown,PIN_N19,,,,
,Unknown,PIN_P10,,,,
,Unknown,PIN_P12,,,,
,Unknown,PIN_P14,,,,
,Unknown,PIN_P16,,,,
,Unknown,PIN_P18,,,,
,Unknown,PIN_P20,,,,
,Unknown,PIN_R9,,,,
,Unknown,PIN_R11,,,,
,Unknown,PIN_R13,,,,
,Unknown,PIN_R15,,,,
,Unknown,PIN_R17,,,,
,Unknown,PIN_R19,,,,
,Unknown,PIN_T10,,,,
,Unknown,PIN_T12,,,,
,Unknown,PIN_T14,,,,
,Unknown,PIN_T16,,,,
,Unknown,PIN_T18,,,,
,Unknown,PIN_T20,,,,
,Unknown,PIN_U9,,,,
,Unknown,PIN_U11,,,,
,Unknown,PIN_U13,,,,
,Unknown,PIN_U15,,,,
,Unknown,PIN_U17,,,,
,Unknown,PIN_U19,,,,
,Unknown,PIN_V10,,,,
,Unknown,PIN_V12,,,,
,Unknown,PIN_V14,,,,
,Unknown,PIN_V16,,,,
,Unknown,PIN_V18,,,,
,Unknown,PIN_V20,,,,
,Unknown,PIN_W9,,,,
,Unknown,PIN_W11,,,,
,Unknown,PIN_W13,,,,
,Unknown,PIN_W15,,,,
,Unknown,PIN_W17,,,,
,Unknown,PIN_W19,,,,
,Unknown,PIN_AA2,,,,
,Unknown,PIN_AA27,,,,
,Unknown,PIN_AC6,,,,
,Unknown,PIN_AC9,,,,
,Unknown,PIN_AC13,,,,
,Unknown,PIN_AC16,,,,
,Unknown,PIN_AC20,,,,
,Unknown,PIN_AC23,,,,
,Unknown,PIN_AF1,,,,
,Unknown,PIN_AF28,,,,
,Unknown,PIN_AG2,,,,
,Unknown,PIN_AG5,,,,
,Unknown,PIN_AG9,,,,
,Unknown,PIN_AG13,,,,
,Unknown,PIN_AG16,,,,
,Unknown,PIN_AG20,,,,
,Unknown,PIN_AG24,,,,
,Unknown,PIN_AG27,,,,
,Unknown,PIN_B2,,,,
,Unknown,PIN_B5,,,,
,Unknown,PIN_B9,,,,
,Unknown,PIN_B13,,,,
,Unknown,PIN_B16,,,,
,Unknown,PIN_B20,,,,
,Unknown,PIN_B24,,,,
,Unknown,PIN_B27,,,,
,Unknown,PIN_C1,,,,
,Unknown,PIN_C28,,,,
,Unknown,PIN_F6,,,,
,Unknown,PIN_F9,,,,
,Unknown,PIN_F13,,,,
,Unknown,PIN_F16,,,,
,Unknown,PIN_F20,,,,
,Unknown,PIN_F23,,,,
,Unknown,PIN_H2,,,,
,Unknown,PIN_H27,,,,
,Unknown,PIN_J11,,,,
,Unknown,PIN_J18,,,,
,Unknown,PIN_K6,,,,
,Unknown,PIN_K23,,,,
,Unknown,PIN_N2,,,,
,Unknown,PIN_N6,,,,
,Unknown,PIN_N23,,,,
,Unknown,PIN_N27,,,,
,Unknown,PIN_T2,,,,
,Unknown,PIN_T6,,,,
,Unknown,PIN_T23,,,,
,Unknown,PIN_T27,,,,
,Unknown,PIN_W6,,,,
,Unknown,PIN_W23,,,,
,Unknown,PIN_Y11,,,,
,Unknown,PIN_Y18,,,,
,Unknown,PIN_J2,,,,
,Unknown,PIN_D3,,,,
,Unknown,PIN_B12,,,,
